Week,Ingredient,Engagement Score,Time,Channel
03-04-2022,Hyaluronic Acid,45,3 Months,Reddit
10-04-2022,Hyaluronic Acid,42,3 Months,Reddit
17-04-2022,Hyaluronic Acid,43,3 Months,Reddit
24-04-2022,Hyaluronic Acid,39,3 Months,Reddit
01-05-2022,Hyaluronic Acid,40,3 Months,Reddit
08-05-2022,Hyaluronic Acid,45,3 Months,Reddit
15-05-2022,Hyaluronic Acid,41,3 Months,Reddit
22-05-2022,Hyaluronic Acid,43,3 Months,Reddit
29-05-2022,Hyaluronic Acid,36,3 Months,Reddit
05-06-2022,Hyaluronic Acid,45,3 Months,Reddit
03-04-2022,Retinol,35,3 Months,Reddit
10-04-2022,Retinol,36,3 Months,Reddit
17-04-2022,Retinol,39,3 Months,Reddit
24-04-2022,Retinol,42,3 Months,Reddit
01-05-2022,Retinol,40,3 Months,Reddit
08-05-2022,Retinol,38,3 Months,Reddit
15-05-2022,Retinol,41,3 Months,Reddit
22-05-2022,Retinol,32,3 Months,Reddit
29-05-2022,Retinol,40,3 Months,Reddit
05-06-2022,Retinol,40,3 Months,Reddit
